{"stats":{"minecraft:used":{"minecraft:smooth_sandstone":2,"minecraft:chicken_spawn_egg":1,"minecraft:anvil":2,"minecraft:llama_spawn_egg":1,"minecraft:cat_spawn_egg":1},"minecraft:dropped":{"pizzacraft:corn":1},"minecraft:custom":{"minecraft:time_since_rest":25784,"minecraft:crouch_one_cm":377,"minecraft:play_one_minute":25784,"minecraft:leave_game":3,"minecraft:sprint_one_cm":29413,"minecraft:walk_one_cm":32817,"minecraft:time_since_death":25784,"minecraft:sneak_time":186,"minecraft:interact_with_anvil":4,"minecraft:drop":1,"minecraft:fly_one_cm":49609,"minecraft:jump":84},"minecraft:picked_up":{"pizzacraft:corn":1}},"DataVersion":2586}