{"stats":{"minecraft:dropped":{"pizzacraft:corn":1},"minecraft:picked_up":{"pizzacraft:corn":1},"minecraft:used":{"minecraft:smooth_sandstone":1,"minecraft:chicken_spawn_egg":1,"minecraft:anvil":2,"minecraft:llama_spawn_egg":1,"minecraft:cat_spawn_egg":1},"minecraft:custom":{"minecraft:jump":81,"minecraft:time_since_rest":16884,"minecraft:crouch_one_cm":253,"minecraft:play_one_minute":16884,"minecraft:leave_game":2,"minecraft:sprint_one_cm":29022,"minecraft:time_since_death":16884,"minecraft:walk_one_cm":31652,"minecraft:sneak_time":159,"minecraft:interact_with_anvil":4,"minecraft:drop":1,"minecraft:fly_one_cm":45815}},"DataVersion":2586}